,City,Lat,Lng,Max Temp,Humidity,Cloudiness,Wind Speed,Country,Date
0,yeppoon,-23.1333,150.7333,80.6,34,40,9.22,AU,1619412131
1,bambous virieux,-20.3428,57.7575,78.01,88,75,14.97,MU,1619412131
2,hit,33.6416,42.8251,90.48,16,100,11.14,IQ,1619412131
3,kodiak,57.79,-152.4072,42.8,81,1,9.22,US,1619412131
4,beringovskiy,63.05,179.3167,31.55,90,44,2.1,RU,1619412131
5,albany,42.6001,-73.9662,43.0,53,63,4.0,US,1619412131
6,hermanus,-34.4187,19.2345,60.01,91,1,1.99,ZA,1619412132
7,camacha,33.0833,-16.3333,62.6,77,20,17.27,PT,1619412132
8,vaini,-21.2,-175.2,82.4,89,75,4.61,TO,1619412030
9,taoudenni,22.6783,-3.9836,84.25,16,8,9.31,ML,1619412133
10,khatanga,71.9667,102.5,17.24,84,99,17.25,RU,1619412133
11,torbay,47.6666,-52.7314,39.99,70,1,6.91,CA,1619412134
12,rikitea,-23.1203,-134.9692,77.81,75,33,5.19,PF,1619412134
13,golden,39.7555,-105.2211,64.0,16,75,6.91,US,1619411859
14,pinega,64.7001,43.3936,40.84,90,100,7.02,RU,1619412135
15,yellowknife,62.456,-114.3525,6.8,78,90,12.66,CA,1619412135
16,praya,14.9215,-23.5087,68.0,77,40,9.22,CV,1619412135
17,ancud,-41.8697,-73.8203,52.0,100,90,5.75,CL,1619411903
18,bayburt,40.2589,40.2278,62.13,44,100,8.12,TR,1619411851
19,baherden,38.4362,57.4316,86.4,19,2,6.89,TM,1619411838
20,souillac,-20.5167,57.5167,77.0,88,75,14.97,MU,1619411846
21,rawson,-43.3002,-65.1023,58.68,54,26,15.73,AR,1619412136
22,lawrenceburg,38.0373,-84.8966,44.01,81,1,5.5,US,1619412136
23,lexington park,38.2668,-76.4538,54.0,76,1,8.05,US,1619412136
24,cape town,-33.9258,18.4232,62.01,88,20,6.91,ZA,1619411982
25,puerto ayora,-0.7393,-90.3518,74.43,88,4,6.73,EC,1619412136
26,panama city,8.9936,-79.5197,79.0,78,20,6.89,PA,1619412136
27,kavieng,-2.5744,150.7967,84.13,67,92,4.32,PG,1619412137
28,qaanaaq,77.484,-69.3632,28.4,62,10,9.82,GL,1619412137
29,kaitangata,-46.2817,169.8464,48.0,67,99,1.01,NZ,1619412137
30,atuona,-9.8,-139.0333,79.95,76,77,19.13,PF,1619412137
31,hobart,-42.8794,147.3294,66.2,42,40,17.27,AU,1619412116
32,ushuaia,-54.8,-68.3,46.4,81,90,3.44,AR,1619412137
33,busselton,-33.65,115.3333,78.01,46,99,4.0,AU,1619412138
34,butaritari,3.0707,172.7902,82.81,74,16,12.86,KI,1619412138
35,mataura,-46.1927,168.8643,48.0,65,96,15.99,NZ,1619412138
36,mar del plata,-38.0023,-57.5575,60.01,88,75,3.44,AR,1619411966
37,livny,52.4253,37.6069,38.62,57,80,4.54,RU,1619412138
38,hilo,19.7297,-155.09,73.4,83,90,6.91,US,1619412138
39,adrar,20.5022,-10.0711,75.69,22,43,10.2,MR,1619412139
40,bulgan,48.8125,103.5347,39.34,42,97,17.69,MN,1619411860
41,kiunga,-6.1219,141.2906,92.17,47,76,3.24,PG,1619412139
42,sasovo,54.3537,41.9199,39.13,61,7,13.47,RU,1619412139
43,kahului,20.8947,-156.47,73.4,83,40,18.41,US,1619411852
44,psedakh,43.4672,44.5692,50.0,87,75,4.47,RU,1619412139
45,husavik,66.0449,-17.3389,35.6,87,75,8.05,IS,1619412141
46,anadyr,64.75,177.4833,26.6,100,75,2.24,RU,1619412141
47,bosaso,11.2842,49.1816,86.0,62,0,19.57,SO,1619412141
48,kulhudhuffushi,6.6221,73.07,83.93,70,13,3.04,MV,1619412141
49,aksum,14.1245,38.7244,65.55,51,50,3.44,ET,1619412141
50,khanpur,28.6453,70.6567,100.76,7,0,7.07,PK,1619412142
51,lompoc,34.6391,-120.4579,51.8,87,100,4.61,US,1619412142
52,new norfolk,-42.7826,147.0587,64.0,73,100,7.0,AU,1619412142
53,dikson,73.5069,80.5464,20.16,93,100,21.94,RU,1619412142
54,saint-pierre,-21.3393,55.4781,78.8,65,0,11.5,RE,1619412142
55,puerto escondido,15.85,-97.0667,81.41,81,94,6.46,MX,1619412142
56,cherskiy,68.75,161.3,22.39,75,93,6.71,RU,1619412143
57,cabo san lucas,22.8909,-109.9124,72.0,38,100,11.74,MX,1619412143
58,yabrud,33.9674,36.6574,66.99,66,0,14.36,SY,1619412143
59,yakeshi,49.2833,120.7333,60.55,46,100,15.84,CN,1619412143
60,la union,-5.4,-80.75,72.01,69,67,12.8,PE,1619412143
61,nangomba,-10.9,38.5,71.85,95,42,4.23,TZ,1619412143
62,umea,63.8284,20.2597,33.8,55,75,11.5,SE,1619412144
63,skibbereen,51.55,-9.2667,41.0,81,20,6.91,IE,1619412144
64,carutapera,-1.195,-46.02,75.58,91,58,4.43,BR,1619411907
65,lamar,33.6668,-95.5836,64.4,72,1,11.5,US,1619412144
66,esperance,-33.8667,121.9,86.0,20,45,13.8,AU,1619412144
67,punta arenas,-53.15,-70.9167,44.6,93,90,5.75,CL,1619412023
68,chuy,-33.6971,-53.4616,59.16,77,60,8.1,UY,1619411908
69,saskylakh,71.9167,114.0833,14.41,89,100,20.69,RU,1619412145
70,bengkulu,-3.8004,102.2655,84.99,69,43,9.06,ID,1619412036
71,ketchikan,55.3422,-131.6461,48.2,57,1,4.47,US,1619412145
72,katsuura,35.1333,140.3,64.99,25,20,17.27,JP,1619412015
73,thinadhoo,0.5333,72.9333,82.65,63,59,2.95,MV,1619411848
74,bredasdorp,-34.5322,20.0403,51.8,93,79,2.3,ZA,1619412146
75,port alfred,-33.5906,26.891,71.47,43,95,6.76,ZA,1619412146
76,nanortalik,60.1432,-45.2371,35.91,98,100,5.86,GL,1619412146
77,ajdabiya,30.7554,20.2263,58.78,86,0,6.91,LY,1619412146
78,nikolskoye,59.7035,30.7861,39.0,87,90,13.42,RU,1619412147
79,pisco,-13.7,-76.2167,64.0,88,0,1.14,PE,1619411970
80,arraial do cabo,-22.9661,-42.0278,73.76,88,50,8.19,BR,1619411904
81,bluff,-46.6,168.3333,48.0,65,81,15.99,NZ,1619412147
82,clyde river,70.4692,-68.5914,23.0,93,90,10.36,CA,1619412148
83,maneadero,31.7167,-116.5667,59.0,85,38,3.0,MX,1619411858
84,bijeljina,44.7569,19.2161,48.99,67,48,3.87,BA,1619412149
85,namuac,18.6109,121.1657,79.95,71,52,15.26,PH,1619412149
86,mitu,1.1983,-70.1733,73.54,96,100,0.74,CO,1619412149
87,beira,-19.8436,34.8389,71.6,94,20,5.48,MZ,1619412149
88,saint-philippe,-21.3585,55.7679,78.8,65,0,11.5,RE,1619412149
89,terney,45.0503,136.6092,48.38,48,7,8.21,RU,1619412150
90,armidale,-30.5167,151.65,63.0,53,6,1.01,AU,1619412150
91,tonota,-21.4833,27.4833,59.59,34,0,5.7,BW,1619412150
92,avarua,-21.2078,-159.775,80.6,78,75,5.75,CK,1619412150
93,ponta do sol,32.6667,-17.1,59.0,83,44,3.0,PT,1619412150
94,chokurdakh,70.6333,147.9167,30.92,98,100,10.0,RU,1619412150
95,magadan,59.5667,150.8,25.92,66,23,5.64,RU,1619412151
96,tasiilaq,65.6145,-37.6368,37.4,70,75,17.27,GL,1619412151
97,tres arroyos,-38.3739,-60.2798,52.2,81,74,6.02,AR,1619412151
98,victoria,22.2855,114.1577,75.0,79,100,3.0,HK,1619412082
99,pevek,69.7008,170.3133,26.08,85,99,3.15,RU,1619412152
100,pitimbu,-7.4706,-34.8086,75.2,94,20,4.61,BR,1619411970
101,the valley,18.217,-63.0578,78.8,73,20,8.05,AI,1619412152
102,moree,-29.4667,149.85,75.2,29,0,6.91,AU,1619412152
103,bandarbeyla,9.4942,50.8122,83.46,65,78,5.41,SO,1619412154
104,dubti,11.7361,41.0853,84.85,46,99,7.16,ET,1619412154
105,constitucion,-35.3333,-72.4167,56.14,76,0,8.61,CL,1619412154
106,xochihuehuetlan,17.9167,-98.4333,75.49,62,100,4.63,MX,1619412155
107,thompson,55.7435,-97.8558,30.2,93,90,3.44,CA,1619412155
108,narsaq,60.9167,-46.05,50.0,32,90,29.93,GL,1619412156
109,hobyo,5.3505,48.5268,85.26,59,91,9.06,SO,1619412156
110,kandi,11.1342,2.9386,80.33,61,63,6.55,BJ,1619412156
111,pringsewu,-5.3582,104.9744,85.69,66,23,4.21,ID,1619412156
112,coruripe,-10.1256,-36.1756,75.36,88,32,4.59,BR,1619412156
113,namibe,-15.1961,12.1522,74.79,69,0,8.08,AO,1619412157
114,phu ly,20.5411,105.9139,85.68,73,91,7.94,VN,1619411910
115,port hawkesbury,45.6169,-61.3485,45.0,93,90,10.36,CA,1619412158
116,necochea,-38.5473,-58.7368,55.0,92,48,4.18,AR,1619412158
117,pangai,-19.8,-174.35,82.4,69,40,9.22,TO,1619411862
118,myshkin,57.7897,38.4545,33.69,95,100,13.35,RU,1619412159
119,codrington,-38.2667,141.9667,60.28,67,100,11.34,AU,1619412159
120,salvador,13.8333,-88.9167,78.8,94,40,2.3,SV,1619412159
121,urumqi,43.801,87.6005,53.6,16,0,4.47,CN,1619412159
122,waspan,14.7419,-83.9717,72.1,89,56,2.15,NI,1619412159
123,tupiza,-21.45,-65.7167,44.96,78,9,1.88,BO,1619412159
124,jamestown,42.097,-79.2353,33.01,80,1,8.05,US,1619412160
125,puerto madero,14.7208,-92.4215,80.6,89,20,2.28,MX,1619412160
126,luderitz,-26.6481,15.1594,61.83,87,97,2.91,NA,1619412160
127,maceio,-9.6658,-35.7353,73.4,94,0,4.61,BR,1619412160
128,dunedin,-45.8742,170.5036,45.0,89,89,21.99,NZ,1619411874
129,faanui,-16.4833,-151.75,81.48,63,14,2.64,PF,1619411962
130,sioux lookout,50.1001,-91.917,39.2,38,75,10.36,CA,1619412161
131,kapaa,22.0752,-159.319,75.2,73,40,13.8,US,1619412161
132,labuhan,-6.8844,112.2051,87.3,60,2,10.42,ID,1619412161
133,hithadhoo,-0.6,73.0833,82.89,66,64,4.36,MV,1619412161
134,invermere,50.5167,-116.0354,39.0,91,100,1.99,CA,1619412162
135,port hardy,50.6996,-127.4199,48.2,100,75,3.44,CA,1619412162
136,salalah,17.0151,54.0924,84.2,70,40,2.3,OM,1619412162
137,saldanha,-33.0117,17.9442,60.8,94,10,10.36,ZA,1619412162
138,kununurra,-15.7667,128.7333,91.4,33,40,9.22,AU,1619412162
139,bolobo,-2.1667,16.2333,72.57,94,72,1.48,CD,1619412162
140,butembo,0.15,29.2833,58.44,96,100,0.16,CD,1619412162
141,ribeira grande,38.5167,-28.7,59.0,72,20,4.61,PT,1619412163
142,sulangan,11.1373,123.7228,81.68,75,18,14.45,PH,1619412163
143,provideniya,64.3833,-173.3,33.8,75,0,6.71,RU,1619412163
144,sorland,67.667,12.6934,33.8,93,75,4.61,NO,1619412164
145,lavrentiya,65.5833,-171.0,31.8,92,98,1.21,RU,1619412164
146,saint-augustin,51.226,-58.6502,34.07,83,21,3.29,CA,1619412164
147,east london,-33.0153,27.9116,66.2,52,0,5.75,ZA,1619412164
148,deep river,46.1001,-77.4995,32.0,47,90,14.97,CA,1619412164
149,margate,51.3813,1.3862,43.0,68,11,4.0,GB,1619412165
150,cidreira,-30.1811,-50.2056,62.51,68,53,12.48,BR,1619411908
151,ostrovnoy,68.0531,39.5131,31.39,91,100,23.76,RU,1619412165
152,batagay,67.6333,134.6333,32.59,98,100,6.4,RU,1619412165
153,sobolevo,54.4299,31.8996,34.75,70,11,8.52,RU,1619412165
154,iqaluit,63.7506,-68.5145,32.0,93,90,3.44,CA,1619412006
155,barrow,71.2906,-156.7887,21.2,79,1,11.5,US,1619412083
156,angoram,-4.0625,144.0661,91.33,52,65,2.48,PG,1619412166
157,vakhrushevo,55.2317,61.7173,46.4,49,0,15.66,RU,1619412166
158,naze,28.3667,129.4833,75.2,69,40,19.57,JP,1619412166
159,itaparica,-12.8883,-38.6786,78.8,78,40,8.05,BR,1619412166
160,kungurtug,50.5994,97.5228,33.04,64,100,9.17,RU,1619412166
161,leningradskiy,69.3833,178.4167,27.95,89,79,1.48,RU,1619412167
162,sinnamary,5.3833,-52.95,76.84,90,100,9.53,GF,1619412167
163,longyearbyen,78.2186,15.6401,15.8,67,20,4.61,SJ,1619412167
164,yulara,-25.2406,130.9889,77.0,20,0,11.5,AU,1619412167
165,hanyang,32.1371,105.5126,67.17,57,99,2.59,CN,1619412167
166,tarko-sale,64.9225,77.785,33.4,95,100,16.31,RU,1619412167
167,coquimbo,-29.9533,-71.3436,53.6,87,0,2.3,CL,1619412167
168,zhuhai,22.2769,113.5678,77.0,78,40,18.41,CN,1619411873
169,beloha,-25.1667,45.05,76.14,62,0,6.87,MG,1619412169
170,nelson bay,-32.7167,152.15,71.01,60,40,10.36,AU,1619412169
171,ust-nera,64.5667,143.2,23.56,80,100,5.73,RU,1619412169
172,hirara,24.8,125.2833,77.0,61,40,12.66,JP,1619412169
173,ziarat,30.3823,67.7282,66.11,15,0,4.92,PK,1619412169
174,mehamn,71.0357,27.8492,33.8,86,75,8.05,NO,1619412171
175,sartell,45.6216,-94.2069,39.2,65,90,8.05,US,1619412171
176,los lunas,34.8062,-106.7334,69.8,7,40,9.22,US,1619412171
177,buta,2.7858,24.73,67.8,99,100,1.52,CD,1619412171
178,vila franca do campo,37.7167,-25.4333,57.2,94,75,10.36,PT,1619412171
179,casablanca,33.5928,-7.6192,57.2,77,75,8.05,MA,1619412171
180,hailey,43.5196,-114.3153,37.4,81,75,2.24,US,1619412171
181,san jose,37.3394,-121.895,51.8,87,75,4.61,US,1619412049
182,goderich,43.7501,-81.7165,32.0,64,45,9.22,CA,1619412172
183,san patricio,28.017,-97.5169,72.0,88,75,9.22,US,1619412172
184,takestan,36.0696,49.6959,64.4,52,0,2.3,IR,1619412172
185,sakaiminato,35.55,133.2333,59.0,38,40,13.8,JP,1619412172
186,cabedelo,-6.9811,-34.8339,75.2,94,20,4.61,BR,1619412172
187,quiruvilca,-7.9667,-78.2,38.7,93,80,1.59,PE,1619412173
188,strezhevoy,60.7333,77.5889,48.2,37,0,8.95,RU,1619412173
189,comodoro rivadavia,-45.8667,-67.5,51.8,71,0,2.3,AR,1619412173
190,batagay-alyta,67.8006,130.4114,30.54,91,100,4.23,RU,1619412174
191,muros,42.7762,-9.0603,53.01,95,15,1.99,ES,1619412174
192,klaksvik,62.2266,-6.589,42.8,100,100,19.57,FO,1619412174
193,manzanillo,20.3433,-77.1167,75.92,82,81,1.39,CU,1619412174
194,kaura namoda,12.5898,6.5779,82.15,49,38,3.36,NG,1619412175
195,isiolo,0.3546,37.5822,71.94,59,90,3.06,KE,1619412175
196,nouadhibou,20.931,-17.0347,64.4,82,0,14.97,MR,1619412175
197,weinan,34.5036,109.5089,60.8,77,75,11.18,CN,1619412175
198,turbat,26.0023,63.044,88.97,28,29,1.92,PK,1619412175
199,kingsland,30.8,-81.6898,61.0,1,0,3.04,US,1619412175
200,traverse city,44.7631,-85.6206,32.0,80,90,5.08,US,1619412176
201,pizarro,4.9533,-77.366,77.25,89,100,5.28,CO,1619412176
202,bull savanna,17.8868,-77.5902,73.17,86,40,4.72,JM,1619412176
203,shakopee,44.798,-93.5269,43.0,56,40,9.22,US,1619412176
204,brae,60.3964,-1.353,44.6,93,100,9.22,GB,1619412177
205,hasaki,35.7333,140.8333,66.0,26,20,10.36,JP,1619412047
206,los llanos de aridane,28.6585,-17.9182,66.2,68,90,2.3,ES,1619412177
207,upernavik,72.7868,-56.1549,27.86,71,49,3.98,GL,1619412177
208,kyshtovka,56.555,76.6271,53.33,43,89,15.9,RU,1619412178
209,asau,46.4333,26.4,37.99,63,71,0.87,RO,1619412178
210,sandwick,60.0,-1.25,44.6,93,100,9.22,GB,1619412179
211,korla,41.7597,86.1469,58.12,15,62,5.95,CN,1619412179
212,saquena,-4.6667,-73.5167,72.72,99,100,2.93,PE,1619412179
213,keighley,53.8679,-1.9066,39.0,88,42,0.16,GB,1619412180
214,port elizabeth,-33.918,25.5701,59.0,88,0,2.3,ZA,1619412180
215,richards bay,-28.783,32.0377,64.78,88,3,4.21,ZA,1619412180
216,banda aceh,5.5577,95.3222,84.15,67,98,5.79,ID,1619412181
217,san quintin,30.4833,-115.95,57.02,85,25,12.71,MX,1619412181
218,palu,-0.8917,119.8707,91.76,52,40,5.3,ID,1619412111
219,vicuna,-30.0319,-70.7081,53.6,87,0,2.3,CL,1619412181
220,melaka,2.196,102.2405,86.0,74,20,6.91,MY,1619412023
221,castro,-24.7911,-50.0119,55.62,96,81,2.3,BR,1619412182
222,umm lajj,25.0213,37.2685,81.97,50,0,4.03,SA,1619412182
223,ucluelet,48.9329,-125.5528,50.0,86,100,3.02,CA,1619412182
224,mayo,38.8876,-76.5119,57.2,54,1,5.75,US,1619412182
225,bethel,41.3712,-73.414,53.6,50,40,5.75,US,1619412182
226,zaterechnyy,44.7931,45.2097,50.54,72,100,11.34,RU,1619412183
227,pangnirtung,66.1451,-65.7125,30.56,79,98,6.53,CA,1619412183
228,te anau,-45.4167,167.7167,44.44,79,85,5.79,NZ,1619412183
229,georgetown,5.4112,100.3354,89.6,66,40,5.75,MY,1619412183
230,napoleon,41.3923,-84.1252,42.8,75,1,8.46,US,1619412183
231,roebourne,-20.7833,117.1333,87.84,18,0,12.17,AU,1619412183
232,danilov,58.1908,40.1717,33.55,96,100,12.75,RU,1619412184
233,sept-iles,50.2001,-66.3821,42.01,48,75,13.8,CA,1619412184
234,beaufort,5.3473,115.7455,86.0,79,20,3.44,MY,1619412184
235,delvada,20.7667,71.0333,95.86,32,7,3.2,IN,1619412184
236,zyryanka,65.75,150.85,27.39,70,21,14.85,RU,1619412184
237,kuytun,54.3419,101.5036,37.6,80,100,18.19,RU,1619412184
238,kurkino,53.4257,38.6582,37.36,62,11,8.84,RU,1619412185
239,mezhdurechensk,53.6942,88.0603,46.27,66,100,3.47,RU,1619412185
240,lappeenranta,61.0587,28.1887,39.99,93,90,10.36,FI,1619412185
241,brufut,13.3814,-16.7518,68.0,94,33,8.05,GM,1619412185
242,caravelas,-17.7125,-39.2481,74.12,87,3,6.29,BR,1619411907
243,karlstad,59.3793,13.5036,30.2,80,11,8.05,SE,1619412186
244,baykit,61.67,96.37,37.54,58,71,4.38,RU,1619412186
245,maraa,-1.8333,-65.3667,73.6,98,100,2.46,BR,1619412186
246,mecca,21.4267,39.8261,87.57,30,5,8.63,SA,1619412186
247,guerrero negro,27.9769,-114.0611,58.75,83,100,10.33,MX,1619412187
248,pemangkat,1.1667,108.9667,84.27,72,5,8.48,ID,1619412187
249,karlshamn,56.1706,14.8619,30.0,80,0,3.44,SE,1619412187
250,geraldton,-28.7667,114.6,86.0,26,21,11.5,AU,1619412152
251,pontes e lacerda,-15.2261,-59.3353,67.03,98,100,4.68,BR,1619412188
252,buraydah,26.326,43.975,75.2,50,20,4.61,SA,1619412188
253,razdolnoye,43.55,131.9167,55.4,19,93,17.9,RU,1619412188
254,severobaykalsk,55.65,109.3167,37.45,56,97,8.37,RU,1619412188
255,moranbah,-22.0016,148.0466,79.79,35,35,13.2,AU,1619412188
256,walvis bay,-22.9575,14.5053,60.01,100,16,6.91,NA,1619412189
257,lubango,-14.9172,13.4925,60.31,67,67,2.91,AO,1619412189
258,kralendijk,12.15,-68.2667,78.8,83,11,14.97,BQ,1619412189
259,tuktoyaktuk,69.4541,-133.0374,14.0,79,90,8.05,CA,1619412189
260,chake chake,-5.2459,39.7666,79.02,85,82,9.28,TZ,1619412190
261,ovsyanka,55.9575,92.5519,44.6,57,40,17.9,RU,1619412190
262,teguldet,57.3064,88.1667,39.47,95,100,3.4,RU,1619412191
263,kudahuvadhoo,2.6708,72.8944,82.94,69,71,3.27,MV,1619412191
264,tarancon,40.0085,-3.0073,51.01,99,100,5.99,ES,1619412192
265,port blair,11.6667,92.75,87.55,56,65,4.12,IN,1619412192
266,alice springs,-23.7,133.8833,78.8,22,0,12.66,AU,1619412192
267,morwa,22.9,73.8333,101.59,6,4,6.8,IN,1619412192
268,srednekolymsk,67.45,153.6833,27.19,66,13,8.41,RU,1619412192
269,aklavik,68.2191,-135.0107,14.0,85,100,6.91,CA,1619412193
270,gorontalo,0.5412,123.0595,87.93,62,100,7.9,ID,1619412194
271,elk plain,47.0532,-122.3976,50.0,100,90,2.39,US,1619412194
272,ugoofaaru,5.6667,73.0,83.64,70,5,2.48,MV,1619412195
273,lasa,46.6166,10.7002,53.01,87,40,4.61,IT,1619412195
274,praia da vitoria,38.7333,-27.0667,59.0,88,40,9.66,PT,1619412195
275,gitega,-3.5,29.95,61.41,92,99,1.81,BI,1619412195
276,vila velha,-20.3297,-40.2925,77.0,83,0,2.3,BR,1619412030
277,tevaitoa,-16.7833,-151.5,81.41,65,5,2.26,PF,1619412197
278,arlit,18.7369,7.3853,86.11,11,11,9.73,NE,1619412197
279,chaohu,31.6,117.8667,62.01,94,90,6.71,CN,1619412197
280,masingbi,8.7833,-11.95,76.8,82,99,0.85,SL,1619412197
281,itapirapua,-15.8233,-50.6133,68.34,67,94,2.8,BR,1619412197
282,qaqortoq,60.7167,-46.0333,50.0,32,90,29.93,GL,1619412197
283,tarauaca,-8.1614,-70.7656,71.92,99,81,3.33,BR,1619412198
284,vardo,70.3705,31.1107,28.4,80,75,10.36,NO,1619412198
285,fortuna,40.5982,-124.1573,48.99,93,90,3.51,US,1619412198
286,tucuman,-26.8241,-65.2226,60.8,82,0,3.44,AR,1619412198
287,tuatapere,-46.1333,167.6833,48.0,65,94,15.99,NZ,1619412198
288,ilulissat,69.2167,-51.1,48.2,43,75,27.63,GL,1619412198
289,hualmay,-11.0964,-77.6139,65.62,89,15,7.16,PE,1619412200
290,erenhot,43.6475,111.9767,51.75,10,17,38.23,CN,1619412200
291,swellendam,-34.0226,20.4417,51.8,93,100,2.3,ZA,1619412200
292,jumla,29.2747,82.1838,68.05,16,0,5.55,NP,1619412200
293,ambon,-3.6954,128.1814,87.8,66,40,6.91,ID,1619412201
294,byron bay,-28.65,153.6167,71.6,64,40,11.5,AU,1619412113
295,kisumu,-0.1022,34.7617,66.2,88,40,3.44,KE,1619412201
296,la ronge,55.1001,-105.2842,33.8,59,100,9.22,CA,1619412201
297,entre rios,-11.9419,-38.0844,70.52,97,73,1.63,BR,1619412201
298,kieta,-6.2167,155.6333,85.15,68,26,6.29,PG,1619412201
299,saint pete beach,27.7253,-82.7412,71.6,73,1,5.75,US,1619412201
300,huarmey,-10.0681,-78.1522,66.94,86,12,8.43,PE,1619412202
301,tanout,14.9709,8.8879,82.54,15,68,7.72,NE,1619412202
302,tiksi,71.6872,128.8694,25.95,94,100,14.81,RU,1619412202
303,pueblo nuevo,23.3833,-105.3833,54.37,56,100,3.96,MX,1619412202
304,forquilhinha,-28.7475,-49.4722,58.57,98,72,2.17,BR,1619412203
305,kendari,-3.945,122.4989,85.87,61,35,6.11,ID,1619412184
306,sueyoshi,31.65,131.0167,69.8,26,75,5.75,JP,1619412204
307,arivonimamo,-19.0167,47.1833,66.2,82,40,6.91,MG,1619412204
308,balikpapan,-1.2675,116.8289,86.13,61,39,7.09,ID,1619411968
309,egvekinot,66.3167,-179.1667,27.34,90,18,0.78,RU,1619412204
310,tambopata,-12.7333,-69.1833,66.63,95,100,6.31,PE,1619412204
311,alofi,-19.0595,-169.9187,84.2,74,84,3.44,NU,1619412188
312,karratha,-20.7377,116.8463,88.23,19,0,15.26,AU,1619412205
313,saint-joseph,-21.3667,55.6167,78.8,65,0,11.5,RE,1619412205
314,asyut,27.181,31.1837,71.6,37,0,9.22,EG,1619412205
315,halifax,44.6453,-63.5724,48.99,100,100,19.57,CA,1619412077
316,petropavlovsk-kamchatskiy,53.0452,158.6483,37.4,100,90,11.18,RU,1619412205
317,guliston,40.4897,68.7842,73.67,32,2,1.81,UZ,1619412206
318,carupano,10.6678,-63.2585,73.99,90,86,7.72,VE,1619412206
319,kampong cham,11.9934,105.4635,96.22,41,26,8.79,KH,1619412206
320,mahebourg,-20.4081,57.7,77.0,88,75,14.97,MU,1619412206
321,fairbanks,64.8378,-147.7164,64.4,20,1,4.61,US,1619412206
322,axim,4.8699,-2.2405,79.83,85,100,4.21,GH,1619412206
323,atbasar,51.8,68.3333,46.99,80,100,9.24,KZ,1619412206
324,samarai,-10.6167,150.6667,85.39,71,78,12.73,PG,1619412207
325,vostok,46.4856,135.8833,49.44,25,9,8.46,RU,1619412207
326,basco,20.4487,121.9702,75.94,68,83,17.9,PH,1619412207
327,agapovka,53.2973,59.1348,44.6,42,38,13.42,RU,1619412207
328,grindavik,63.8424,-22.4338,37.4,93,0,12.66,IS,1619412207
329,college,64.8569,-147.8028,64.4,19,20,2.73,US,1619412207
330,sakete,6.7362,2.6587,84.2,79,40,8.05,BJ,1619412208
331,tuensang,26.2833,94.8333,90.95,13,59,6.4,IN,1619412208
332,luanda,-8.8368,13.2343,78.8,94,75,3.44,AO,1619412168
333,uige,-7.6087,15.0613,65.86,93,66,2.46,AO,1619412209
334,giyani,-23.3025,30.7187,62.1,77,0,2.84,ZA,1619412209
335,zhangye,38.9342,100.4517,50.68,17,57,7.52,CN,1619412209
336,shawinigan,46.5668,-72.7491,39.2,81,97,16.11,CA,1619412209
337,arawa,-6.2132,155.5367,86.23,67,28,4.47,PG,1619412209
338,waingapu,-9.6567,120.2641,84.87,54,38,13.24,ID,1619412210
339,sterling,39.0062,-77.4286,53.6,58,40,8.05,US,1619411980
340,nyuksenitsa,60.4128,44.2397,39.27,97,100,4.63,RU,1619412210
341,chino,34.0122,-117.6889,57.99,67,40,10.36,US,1619412210
342,verkhnyaya toyma,62.2349,44.9985,39.33,96,99,3.24,RU,1619412210
343,portland,45.5234,-122.6762,52.0,70,97,1.48,US,1619412092
344,yago,21.8333,-105.0667,70.27,75,22,2.28,MX,1619412211
345,kruisfontein,-34.0033,24.7314,65.05,48,100,1.88,ZA,1619412211
346,debre tabor,11.85,38.0167,55.76,69,100,1.23,ET,1619412211
347,charlestown,-32.95,151.6667,69.01,74,24,5.41,AU,1619412211
348,novikovo,51.1537,37.8879,42.33,69,96,4.07,RU,1619412211
349,placerville,38.7296,-120.7986,46.99,100,90,4.61,US,1619412211
350,meulaboh,4.1363,96.1285,86.04,62,89,5.08,ID,1619412212
351,nan,18.8333,100.6667,82.4,74,0,2.3,TH,1619412212
352,soto la marina,23.7667,-98.2167,77.0,89,83,7.0,MX,1619412212
353,hervey bay,-25.2986,152.8535,77.0,60,56,5.01,AU,1619412212
354,namatanai,-3.6667,152.4333,84.13,68,98,4.72,PG,1619412212
355,shingu,33.7333,135.9833,62.6,45,0,18.41,JP,1619412212
356,falmouth,50.1544,-5.0711,46.0,81,40,19.69,GB,1619412213
357,polyarnyy,69.1989,33.4478,32.0,80,40,6.71,RU,1619412213
358,ossora,59.2353,163.0719,33.03,98,98,1.32,RU,1619412213
359,eyl,7.9803,49.8164,84.7,66,82,7.92,SO,1619412213
360,hays,30.0502,-98.0336,70.0,85,78,4.0,US,1619412213
361,sao filipe,14.8961,-24.4956,71.74,71,83,9.4,CV,1619412213
362,ca mau,9.1769,105.15,95.74,41,48,7.76,VN,1619412085
363,mwanza,-2.5167,32.9,68.0,88,75,11.5,TZ,1619412214
364,riyadh,24.6877,46.7219,82.4,100,20,6.91,SA,1619412176
365,chikwawa,-16.0335,34.8009,73.67,77,9,0.51,MW,1619412214
366,roma,43.2128,-75.4557,39.2,65,90,16.11,US,1619412107
367,chokwe,-24.5333,32.9833,67.53,91,0,2.71,MZ,1619412214
368,kavaratti,10.5669,72.642,84.42,72,18,7.0,IN,1619412214
369,gamba,-2.65,10.0,76.64,90,65,3.36,GA,1619412215
370,hurghada,27.2574,33.8129,69.8,73,0,15.75,EG,1619412015
371,opuwo,-18.0607,13.84,61.72,59,0,4.85,NA,1619412215
372,buala,-8.145,159.5921,84.88,71,76,3.18,SB,1619412216
373,kualakapuas,-3.0091,114.3876,87.8,70,40,4.61,ID,1619412216
374,nhulunbuy,-12.2333,136.7667,82.4,78,40,5.75,AU,1619412216
375,porto novo,6.4965,2.6036,84.2,79,40,8.05,BJ,1619412216
376,rocha,-34.4833,-54.3333,57.13,86,67,7.09,UY,1619412216
377,padang,-0.9492,100.3543,87.8,66,40,5.75,ID,1619412000
378,monrovia,6.3005,-10.7969,77.0,94,75,4.81,LR,1619412217
379,kaeo,-35.1,173.7833,64.0,69,13,7.0,NZ,1619412217
380,talnakh,69.4865,88.3972,11.82,84,99,9.33,RU,1619412217
381,port lincoln,-34.7333,135.8667,66.36,63,2,9.22,AU,1619412217
382,norman wells,65.282,-126.8329,28.4,46,40,6.91,CA,1619412217
383,presidencia roque saenz pena,-26.7852,-60.4388,52.27,82,0,4.14,AR,1619412217
384,tateyama,34.9833,139.8667,60.8,25,20,17.27,JP,1619412217
385,belmonte,-15.8631,-38.8828,75.2,83,40,3.44,BR,1619412218
386,poum,-20.2333,164.0167,77.43,69,39,23.85,NC,1619412219
387,semnan,35.5729,53.3971,76.14,28,89,1.21,IR,1619412219
388,dingle,10.9995,122.6711,89.42,55,67,13.09,PH,1619412219
389,aljezur,37.3191,-8.8033,57.51,94,83,8.34,PT,1619412219
390,aquiraz,-3.9014,-38.3911,78.8,89,0,3.44,BR,1619412219
391,juneau,58.3019,-134.4197,53.6,43,20,3.44,US,1619412173
392,neuquen,-38.9516,-68.0591,55.4,76,0,7.27,AR,1619412220
393,qinhuangdao,39.9317,119.5883,61.23,31,98,12.93,CN,1619412215
394,wewak,-3.5534,143.6268,84.56,69,65,7.83,PG,1619412220
395,oil city,41.4339,-79.7064,33.8,75,1,4.61,US,1619412220
396,acarau,-2.8856,-40.12,76.68,84,7,7.61,BR,1619412220
397,umm kaddadah,13.6017,26.6876,76.46,55,47,6.2,SD,1619412221
398,emba,48.8264,58.1442,61.63,44,100,12.73,KZ,1619412221
399,berlevag,70.8578,29.0864,33.8,86,75,8.05,NO,1619412221
400,iralaya,15.0,-83.2333,78.85,73,14,10.54,HN,1619412221
401,hecun,36.5333,114.1111,73.54,35,29,4.99,CN,1619412221
402,balkhash,46.844,74.9804,57.2,19,0,8.95,KZ,1619412222
403,kaka,37.3482,59.6143,87.57,15,8,13.04,TM,1619412222
404,lata,40.1629,-8.3327,57.2,88,40,5.75,PT,1619412223
405,manavalakurichi,8.1333,77.3,91.4,62,20,3.44,IN,1619412223
406,igarka,67.4667,86.5833,20.32,75,88,4.45,RU,1619412223
407,honningsvag,70.9821,25.9704,32.0,86,75,5.75,NO,1619412223
408,sankheda,22.1667,73.5833,87.8,33,30,3.44,IN,1619412223
409,nome,64.5011,-165.4064,44.6,57,90,5.75,US,1619412223
410,quatre cocos,-20.2078,57.7625,78.01,88,75,14.97,MU,1619412223
411,manturovo,58.3353,44.7619,33.22,96,100,12.17,RU,1619412224
412,puerto berrio,6.4916,-74.4033,76.51,90,100,0.65,CO,1619412224
413,mount isa,-20.7333,139.5,89.6,31,40,9.22,AU,1619412225
414,cayenne,4.9333,-52.3333,77.0,94,75,6.91,GF,1619412225
415,matadi,-5.8167,13.45,74.25,98,57,2.08,CD,1619412226
416,saint george,37.1041,-113.5841,70.0,14,1,4.47,US,1619412226
417,chicama,-7.8447,-79.1469,67.35,82,11,7.25,PE,1619412226
418,bodden town,19.2833,-81.25,79.0,1,61,1.01,KY,1619412226
419,el progreso,15.4,-87.8,80.6,89,20,3.44,HN,1619412226
420,kilembe,0.2,30.0,63.73,79,96,0.47,UG,1619412227
421,carnarvon,-24.8667,113.6333,93.2,18,0,5.75,AU,1619412227
422,galesong,-5.3166,119.3661,91.4,62,20,4.61,ID,1619412227
423,awjilah,29.1081,21.2869,60.1,62,0,6.08,LY,1619412227
424,sitka,57.0531,-135.33,55.4,50,1,3.44,US,1619412227
425,kanbe,16.7053,96.0017,87.8,70,40,4.61,MM,1619412227
426,gold coast,-28.0,153.4333,75.99,46,40,12.66,AU,1619412001
427,verkhoyansk,67.5447,133.385,34.65,99,100,4.61,RU,1619412229
428,airai,-8.9266,125.4092,74.25,40,29,2.98,TL,1619412229
429,tazovskiy,67.4667,78.7,26.42,91,100,14.65,RU,1619412229
430,bathsheba,13.2167,-59.5167,78.8,61,40,14.97,BB,1619412230
431,miandrivazo,-19.5167,45.4667,78.31,71,100,3.58,MG,1619412232
432,pacific grove,36.6177,-121.9166,53.6,76,75,3.44,US,1619412232
433,kuching,1.55,110.3333,89.6,66,40,4.61,MY,1619412129
434,finschhafen,-6.6024,147.8681,80.35,82,100,6.15,PG,1619412232
435,severomorsk,69.0689,33.4162,32.0,74,40,6.71,RU,1619412244
436,togur,58.3631,82.8265,44.76,85,85,6.38,RU,1619412244
437,marfino,55.7028,37.3822,37.4,69,0,13.42,RU,1619412244
438,hlobyne,49.3878,33.2596,42.17,90,78,7.52,UA,1619412244
439,springbok,-29.6643,17.8865,58.28,50,99,3.31,ZA,1619412244
440,atherton,53.5237,-2.4935,37.99,83,21,1.79,GB,1619412245
441,rio gallegos,-51.6226,-69.2181,51.8,54,40,12.66,AR,1619412245
442,orange,33.7,-117.7675,60.8,72,75,8.05,US,1619412245
443,bonavista,48.6499,-53.1147,37.99,75,15,5.75,CA,1619412245
444,hambantota,6.1241,81.1185,87.8,79,40,6.91,LK,1619412245
445,minbu,20.1833,94.8833,101.37,27,11,9.37,MM,1619412245
446,makakilo city,21.3469,-158.0858,80.01,57,20,9.22,US,1619412247
447,oistins,13.0667,-59.5333,78.8,61,40,14.97,BB,1619412247
448,guozhen,34.3659,107.359,67.51,56,77,2.55,CN,1619412247
449,javanrud,34.7961,46.5172,53.6,50,0,6.22,IR,1619412247
450,onega,63.9061,38.1404,35.8,91,100,10.85,RU,1619412247
451,coihaique,-45.5752,-72.0662,45.21,96,78,5.5,CL,1619412247
452,razole,16.4833,81.8333,91.4,58,40,6.91,IN,1619412248
453,xiaoweizhai,26.1903,107.5125,57.97,91,99,2.33,CN,1619412248
454,vangaindrano,-23.35,47.6,73.13,89,47,0.83,MG,1619412248
455,sechura,-5.5569,-80.8222,69.93,76,54,13.53,PE,1619412028
456,sur,22.5667,59.5289,90.82,36,16,2.8,OM,1619412248
457,hagere selam,6.4833,38.5167,50.32,95,100,3.42,ET,1619412248
458,winnemucca,40.973,-117.7357,42.8,75,90,10.36,US,1619412249
459,provost,52.3501,-110.2683,33.8,40,69,3.44,CA,1619412249
460,puerto lopez,4.0845,-72.956,78.75,74,96,2.82,CO,1619412249
461,udgir,18.3833,77.1167,96.71,20,88,8.93,IN,1619412249
462,menongue,-14.6585,17.691,57.16,60,24,2.68,AO,1619412250
463,chernyshevskiy,63.0128,112.4714,21.51,66,95,13.85,RU,1619412250
464,hammerfest,70.6634,23.6821,32.0,100,75,10.36,NO,1619412250
465,valpoi,15.5305,74.1356,80.6,50,20,9.22,IN,1619412250
466,yazd,31.8972,54.3675,80.6,22,40,4.61,IR,1619412250
467,taltal,-25.4,-70.4833,60.84,84,0,0.98,CL,1619412251
468,lawton,34.6087,-98.3903,69.8,73,1,16.11,US,1619412251
469,shimoda,34.6667,138.95,59.0,38,20,14.97,JP,1619412251
470,indiana,40.0003,-86.2503,46.4,65,1,3.44,US,1619412252
471,great falls,47.5002,-111.3008,39.99,87,90,9.22,US,1619412253
472,parangan,5.0839,119.9383,84.43,66,18,3.04,PH,1619412253
473,raduzhnyy,62.0961,77.475,38.48,89,100,11.18,RU,1619412253
474,takoradi,4.8845,-1.7554,79.5,86,100,5.23,GH,1619412255
475,lebu,-37.6167,-73.65,53.92,93,21,10.16,CL,1619412255
476,hofn,64.2539,-15.2082,41.97,71,8,10.8,IS,1619412255
477,katangli,51.7102,143.2326,31.78,61,49,8.9,RU,1619412255
478,porgera,-5.4667,143.2,53.74,75,85,4.41,PG,1619412255
479,flinders,-34.5833,150.8552,71.6,33,0,6.91,AU,1619412256
480,general roca,-39.0333,-67.5833,55.4,76,0,8.86,AR,1619412256
481,matamoros,25.5333,-103.25,86.0,16,75,4.56,MX,1619412256
482,okha,53.5739,142.9478,33.89,46,0,1.9,RU,1619412256
483,tibati,6.4667,12.6333,65.03,86,94,1.95,CM,1619412256
484,bilibino,68.0546,166.4372,26.38,80,100,1.39,RU,1619412256
485,belaya gora,68.5333,146.4167,28.4,74,86,11.03,RU,1619412256
486,vestmanna,62.1564,-7.1664,42.8,100,100,19.57,FO,1619412257
487,yantai,37.5333,121.4,62.11,56,63,5.55,CN,1619412001
488,key largo,25.0865,-80.4473,80.01,71,0,4.0,US,1619412258
489,boyabat,41.4689,34.7667,50.0,80,88,0.54,TR,1619412260
490,casper,42.8666,-106.3131,55.0,43,90,9.22,US,1619412260
491,nizwa,22.9333,57.5333,87.64,17,30,3.74,OM,1619412260
492,iranshahr,27.2025,60.6848,89.6,19,0,1.57,IR,1619412260
493,arica,-18.475,-70.3042,60.8,63,0,5.75,CL,1619412260
494,marienburg,54.0359,19.0266,33.01,84,91,6.53,PL,1619412260
495,fayaoue,-20.65,166.5333,77.49,71,65,17.11,NC,1619412260
496,nioro,13.35,-15.75,73.13,41,11,7.0,GM,1619412261
497,road town,18.4167,-64.6167,77.0,87,4,1.01,VG,1619412261
498,san juan,-31.5375,-68.5364,62.73,48,0,3.02,AR,1619412263
499,severo-kurilsk,50.6789,156.125,31.69,96,100,15.37,RU,1619412264
500,khani,41.9563,42.9566,53.6,94,75,9.22,GE,1619412264
501,nuuk,64.1835,-51.7216,37.4,87,75,5.75,GL,1619412264
502,honggang,46.4667,124.8667,68.85,13,100,17.0,CN,1619412072
503,mlonggo,-6.5333,110.7,91.4,49,20,11.5,ID,1619412264
504,saint-francois,46.4154,3.9054,53.6,47,0,10.36,FR,1619412264
505,jyvaskyla,62.2415,25.7209,36.0,93,90,10.36,FI,1619412265
506,nishihara,26.1842,127.7558,78.8,53,40,13.8,JP,1619412130
507,atambua,-9.1061,124.8925,82.8,46,21,2.73,ID,1619412265
508,ulladulla,-35.35,150.4667,71.6,33,0,6.91,AU,1619412265
509,scarborough,54.2797,-0.4044,35.01,91,38,1.61,GB,1619412265
510,suntar,62.1444,117.6319,30.96,90,100,10.54,RU,1619412265
511,balakirevo,56.5059,38.8432,35.28,80,97,13.22,RU,1619412265
512,inhambane,-23.865,35.3833,69.66,89,0,3.85,MZ,1619412266
513,lalgudi,10.8667,78.8333,91.4,62,20,4.61,IN,1619412266
514,henties bay,-22.116,14.2845,60.01,93,2,1.99,NA,1619412266
515,parana,-31.732,-60.5238,57.0,88,0,1.01,AR,1619412266
516,avera,33.194,-82.5271,59.0,100,1,4.61,US,1619412266
517,ambilobe,-13.2,49.05,77.25,73,91,3.69,MG,1619412267
518,moron,-34.6534,-58.6198,61.0,97,7,3.87,AR,1619412267
519,sar-e pul,35.8333,66.1667,66.2,25,25,4.5,AF,1619412267
520,bontang,0.1333,117.5,84.72,67,92,5.73,ID,1619412029
521,tigzirt,36.8886,4.1198,65.23,57,67,6.08,DZ,1619412267
522,matasari,44.85,23.0833,47.97,69,9,2.93,RO,1619412267
523,esmeraldas,-19.7625,-44.3139,64.4,77,0,2.3,BR,1619412267
524,inirida,3.8653,-67.9239,74.23,96,100,2.42,CO,1619412268
525,labrea,-7.2586,-64.7981,73.69,98,100,2.35,BR,1619412268
526,kuryk,43.2,51.65,62.62,53,20,9.28,KZ,1619412268
527,kautokeino,69.0125,23.0412,12.94,91,81,2.73,NO,1619412268
528,fairview,40.8126,-73.999,57.2,50,1,6.91,US,1619412070
529,verkhnyaya sinyachikha,57.976,61.6673,45.05,53,51,12.88,RU,1619412269
530,tabuk,17.4189,121.4443,87.44,46,44,7.09,PH,1619412269
531,hede,33.7681,120.2517,66.29,61,98,7.2,CN,1619412269
532,sabang,5.8933,95.3214,83.43,71,94,8.9,ID,1619412269
533,chiknayakanhalli,13.4172,76.6228,86.32,37,8,2.84,IN,1619412269
534,atlantic city,39.3643,-74.4229,54.0,66,40,5.75,US,1619412269
535,la paz,-16.5,-68.15,33.8,100,20,5.75,BO,1619412269
536,maragogi,-9.0122,-35.2225,77.67,81,48,6.55,BR,1619412270
537,morant bay,17.8815,-76.4093,78.8,83,20,5.75,JM,1619412270
538,amahai,-3.3333,128.9167,85.17,60,8,5.82,ID,1619412270
539,atar,20.5169,-13.0499,74.17,23,0,7.99,MR,1619412271
540,camocim,-2.9022,-40.8411,74.97,89,13,6.64,BR,1619412272
541,paignton,50.4357,-3.5679,41.0,1,45,1.99,GB,1619412272
542,kamaishi,39.2667,141.8833,57.2,23,40,13.8,JP,1619412272
543,mount gambier,-37.8333,140.7667,59.0,77,90,9.22,AU,1619412272
544,bilma,18.6853,12.9164,83.28,13,4,8.86,NE,1619412272
545,muravlenko,63.7898,74.523,34.54,99,99,15.59,RU,1619412273
546,parabel,58.6978,81.4825,45.28,79,100,8.61,RU,1619412273
547,lagoa,39.05,-27.9833,58.73,85,100,9.84,PT,1619412273
548,stanisesti,46.4333,27.3,39.2,87,90,11.5,RO,1619412274
549,mweka,-4.85,21.5667,68.36,99,96,1.59,CD,1619412274
550,kijabe,-0.933,36.5758,54.0,91,89,2.24,KE,1619412274
551,oranjemund,-28.55,16.4333,62.74,84,100,6.13,NA,1619412274
552,miri,4.4148,114.0089,89.6,66,40,5.75,MY,1619412002
553,crixas,-14.5489,-49.9692,75.09,67,91,1.16,BR,1619412274
554,conceicao do araguaia,-8.2578,-49.2647,73.4,94,0,2.3,BR,1619412274
555,san lorenzo,-25.3333,-57.5333,59.0,94,0,3.44,PY,1619412275
556,bubaque,11.2833,-15.8333,77.11,67,27,10.04,GW,1619412275
557,nardaran,40.5561,50.0056,62.6,63,0,9.22,AZ,1619412275
558,filadelfia,39.9523,-75.1638,54.0,58,1,6.91,US,1619412181
559,omsukchan,62.5333,155.8,20.7,69,100,3.2,RU,1619412275
560,pundaguitan,6.3711,126.1689,83.39,69,98,2.33,PH,1619412276
561,panaba,21.2833,-88.2667,75.92,75,3,7.67,MX,1619412276
562,klyuchi,52.2667,79.1667,59.11,27,90,13.58,RU,1619412276
563,olafsvik,64.8945,-23.7142,39.54,87,11,11.79,IS,1619412276
564,kodinsk,58.6881,99.1844,39.96,70,99,9.26,RU,1619412276
565,akureyri,65.6835,-18.0878,35.6,87,75,8.05,IS,1619412276
566,alizai,33.5383,70.3462,81.25,22,0,3.51,PK,1619412277
567,sola,-13.8833,167.55,82.26,74,40,9.95,VU,1619412277
568,saint-louis,16.3333,-15.0,70.56,48,42,10.51,SN,1619412277
569,kansanshi,-12.0951,26.4273,61.41,84,98,3.36,ZM,1619412277
570,poya,-21.35,165.15,75.16,73,73,11.63,NC,1619412278
571,kisangani,0.5167,25.2,69.69,98,100,1.9,CD,1619412278
572,havoysund,70.9963,24.6622,32.0,86,75,5.75,NO,1619412278
573,tynda,55.1667,124.7167,49.66,58,100,3.44,RU,1619412278
574,raudeberg,61.9875,5.1352,33.01,75,8,5.14,NO,1619412278
575,mangalia,43.8,28.5833,48.0,87,0,9.22,RO,1619412278
576,alyangula,-13.8483,136.4192,77.0,100,75,6.91,AU,1619412278
